{"cameraMode":{"drawMode":0,"name":"Shaded","section":"Shading Mode"},"sceneLighting":false,"audioPlay":false,"sceneViewState":{"showFog":true,"showMaterialUpdate":false,"showSkybox":true,"showFlares":true,"showImageEffects":true,"showParticleSystems":true},"in2DMode":false,"pivot":{"x":57.54853820800781,"y":-75.67143249511719,"z":268.6322937011719},"rotation":{"x":0.1622656285762787,"y":0.09840155392885208,"z":-0.016264788806438447,"w":0.981693685054779},"size":318.3343200683594,"orthographic":false}