{"cameraMode":{"drawMode":0,"name":"Shaded","section":"Shading Mode"},"sceneLighting":true,"audioPlay":false,"sceneViewState":{"showFog":true,"showMaterialUpdate":false,"showSkybox":true,"showFlares":true,"showImageEffects":true,"showParticleSystems":true},"in2DMode":false,"pivot":{"x":1.4284780025482178,"y":-4.496248245239258,"z":11.495899200439454},"rotation":{"x":-0.24630320072174073,"y":-0.031689032912254336,"z":0.008058001287281514,"w":-0.9686411619186401},"size":29.72209930419922,"orthographic":false}